"auth_id";"username";"age";"email";"first_name";"last_name";"date_of_birth";"gender";"password"
1;"ncowpland0";39;"ncowpland0@xrea.com";"Neille";"Cowpland";"1978-04-29";"Female";""
2;"nkorba1";67;"nkorba1@symantec.com";"Netty";"Korba";"1950-12-11";"Female";""
3;"nwalsh2";28;"nwalsh2@dailymotion.com";"Nikolas";"Walsh";"1990-03-01";"Male";""
4;"rmerwe3";48;"rmerwe3@businesswire.com";"Rora";"Merwe";"1969-04-02";"Female";""
5;"cleland4";46;"cleland4@shareasale.com";"Cheri";"Le land";"1971-12-10";"Female";""
6;"rcanedo5";54;"rcanedo5@yellowbook.com";"Ronny";"Canedo";"1964-01-18";"Female";""
7;"mwetherby6";25;"mwetherby6@tripod.com";"Marquita";"Wetherby";"1992-04-29";"Female";""
8;"dhazelden7";60;"dhazelden7@cyberchimps.com";"Dulcine";"Hazelden";"1957-08-19";"Female";""
9;"sskinner8";48;"sskinner8@cdbaby.com";"Sigmund";"Skinner";"1970-02-07";"Male";""
10;"rpetegree9";34;"rpetegree9@surveymonkey.com";"Rochell";"Petegree";"1983-12-11";"Female";""
11;"nconnopa";54;"nconnopa@geocities.jp";"Nicolina";"Connop";"1963-10-26";"Female";""
12;"lnewberryb";19;"lnewberryb@slideshare.net";"Llywellyn";"Newberry";"1999-01-03";"Male";""
13;"fburlessc";54;"fburlessc@state.tx.us";"Flor";"Burless";"1964-02-18";"Female";""
14;"dbrikd";64;"dbrikd@shop-pro.jp";"Dall";"Brik";"1953-12-29";"Male";""
15;"elawtone";30;"elawtone@state.gov";"Ede";"Lawton";"1987-10-28";"Female";""
16;"eblumerf";58;"eblumerf@yale.edu";"Ennis";"Blumer";"1959-05-09";"Male";""
17;"hletertreg";61;"hletertreg@oracle.com";"Harv";"Letertre";"1957-01-11";"Male";""
18;"rdemaidh";30;"rdemaidh@guardian.co.uk";"Roobbie";"Demaid";"1987-10-27";"Female";""
19;"misaacsi";34;"misaacsi@google.pl";"Magdalene";"Isaacs";"1983-12-10";"Female";""
20;"rbothenj";44;"rbothenj@icq.com";"Redford";"Bothen";"1973-12-15";"Male";""
21;"tshottink";26;"tshottink@netlog.com";"Towny";"Shottin";"1991-04-14";"Male";""
22;"htregiddol";42;"htregiddol@engadget.com";"Hestia";"Tregiddo";"1976-01-24";"Female";""
23;"ysummersidem";40;"ysummersidem@twitpic.com";"Yulma";"Summerside";"1977-06-02";"Male";""
24;"cdepinnan";36;"cdepinnan@vimeo.com";"Clevie";"de Pinna";"1981-03-26";"Male";""
25;"gfinderso";26;"gfinderso@comsenz.com";"Giacobo";"Finders";"1991-03-14";"Male";""
26;"kclaringboldp";65;"kclaringboldp@elpais.com";"Kelbee";"Claringbold";"1952-03-22";"Male";""
27;"nsimkoq";46;"nsimkoq@google.ru";"Nikoletta";"Simko";"1971-11-08";"Female";""
28;"gdonalsonr";48;"gdonalsonr@friendfeed.com";"Gregorius";"Donalson";"1969-04-25";"Male";""
29;"ibakeys";45;"ibakeys@ox.ac.uk";"Ignacio";"Bakey";"1972-06-12";"Male";""
30;"tyedyt";50;"tyedyt@free.fr";"Tobiah";"Yedy";"1967-05-27";"Male";""
31;"shardeyu";39;"shardeyu@ebay.com";"Stan";"Hardey";"1978-03-27";"Male";""
32;"rblizardv";37;"rblizardv@shareasale.com";"Ringo";"Blizard";"1981-01-07";"Male";""
33;"elateyw";34;"elateyw@home.pl";"Evelyn";"Latey";"1983-08-22";"Male";""
34;"kmaccumeskeyx";19;"kmaccumeskeyx@jalbum.net";"Kalila";"MacCumeskey";"1998-09-29";"Female";""
35;"dmceloryy";52;"dmceloryy@marketwatch.com";"Desdemona";"Mc Elory";"1965-07-31";"Female";""
36;"pgrelakz";30;"pgrelakz@geocities.jp";"Penrod";"Grelak";"1987-10-04";"Male";""
37;"ndollin10";53;"ndollin10@tiny.cc";"Nola";"Dollin";"1964-09-14";"Female";""
38;"lhorwell11";55;"lhorwell11@dell.com";"Lynnet";"Horwell";"1963-01-31";"Female";""
39;"vlocksley12";65;"vlocksley12@livejournal.com";"Vittorio";"Locksley";"1952-11-02";"Male";""
40;"rscottesmoor13";38;"rscottesmoor13@123-reg.co.uk";"Rasia";"Scottesmoor";"1979-08-29";"Female";""
41;"nhenryson14";27;"nhenryson14@ted.com";"Northrop";"Henryson";"1990-09-09";"Male";""
42;"djikylls15";61;"djikylls15@imgur.com";"Delmore";"Jikylls";"1956-10-18";"Male";""
43;"bschruur16";62;"bschruur16@nymag.com";"Bethina";"Schruur";"1955-11-26";"Female";""
44;"hadolphine17";35;"hadolphine17@theatlantic.com";"Herta";"Adolphine";"1982-04-21";"Female";""
45;"evitler18";58;"evitler18@cbslocal.com";"Edna";"Vitler";"1959-04-19";"Female";""
46;"tchurchley19";28;"tchurchley19@about.com";"Tobiah";"Churchley";"1989-11-01";"Male";""
47;"dbugbird1a";44;"dbugbird1a@t-online.de";"Dallas";"Bugbird";"1973-10-10";"Male";""
48;"nelliker1b";37;"nelliker1b@ox.ac.uk";"Nickolaus";"Elliker";"1980-12-20";"Male";""
49;"cmcphelimy1c";52;"cmcphelimy1c@a8.net";"Clyde";"McPhelimy";"1965-08-25";"Male";""
50;"lcamps1d";29;"lcamps1d@blog.com";"Latrina";"Camps";"1988-07-02";"Female";""
