"user_id";"blog_id";"comment"
32;3;"Etiam pretium iaculis justo."
307;5;"Maecenas tristique, est et tempus semper, est quam pharetra magna, ac consequat metus sapien ut nunc."
473;6;"Lorem ipsum dolor sit amet, consectetuer adipiscing elit."
278;7;"Nunc purus."
397;9;"Suspendisse potenti."
316;11;"Mauris enim leo, rhoncus sed, vestibulum sit amet, cursus id, turpis."
342;12;"Nulla suscipit ligula in lacus."
113;13;"Quisque ut erat."
498;14;"Pellentesque ultrices mattis odio."
147;15;"Proin leo odio, porttitor id, consequat in, consequat ut, nulla."
200;16;"Mauris sit amet eros."
45;18;"Morbi odio odio, elementum eu, interdum eu, tincidunt in, leo."
104;19;"Fusce lacus purus, aliquet at, feugiat non, pretium quis, lectus."
33;20;"Morbi vestibulum, velit id pretium iaculis, diam erat fermentum justo, nec condimentum neque sapien placerat ante."
272;21;"Nulla tellus."
126;22;"In est risus, auctor sed, tristique in, tempus sit amet, sem."
205;23;"Morbi ut odio."
331;25;"Donec vitae nisi."
243;30;"Fusce lacus purus, aliquet at, feugiat non, pretium quis, lectus."
170;31;"Vivamus metus arcu, adipiscing molestie, hendrerit at, vulputate vitae, nisl."
200;32;"Curabitur in libero ut massa volutpat convallis."
330;33;"Maecenas ut massa quis augue luctus tincidunt."
495;34;"Nam congue, risus semper porta volutpat, quam pede lobortis ligula, sit amet eleifend pede libero quis orci."
421;35;"Aenean sit amet justo."
181;37;"Suspendisse accumsan tortor quis turpis."
328;38;"Praesent id massa id nisl venenatis lacinia."
304;39;"Curabitur convallis."
132;43;"Nullam orci pede, venenatis non, sodales sed, tincidunt eu, felis."
262;45;"Nulla mollis molestie lorem."
443;46;"Suspendisse ornare consequat lectus."
244;48;"Integer tincidunt ante vel ipsum."
192;50;"In tempor, turpis nec euismod scelerisque, quam turpis adipiscing lorem, vitae mattis nibh ligula nec sem."
315;51;"Duis bibendum, felis sed interdum venenatis, turpis enim blandit mi, in porttitor pede justo eu massa."
197;52;"Nulla ut erat id mauris vulputate elementum."
39;54;"Mauris sit amet eros."
452;55;"Morbi porttitor lorem id ligula."
462;57;"Duis bibendum, felis sed interdum venenatis, turpis enim blandit mi, in porttitor pede justo eu massa."
163;58;"Nullam molestie nibh in lectus."
499;61;"Pellentesque ultrices mattis odio."
212;63;"Proin interdum mauris non ligula pellentesque ultrices."
497;64;"Pellentesque viverra pede ac diam."
248;66;"Nunc purus."
337;67;"Nam congue, risus semper porta volutpat, quam pede lobortis ligula, sit amet eleifend pede libero quis orci."
331;68;"Aenean sit amet justo."
287;69;"Suspendisse accumsan tortor quis turpis."
441;91;"Donec odio justo, sollicitudin ut, suscipit a, feugiat et, eros."
145;70;"In eleifend quam a odio."
135;73;"Donec semper sapien a libero."
131;74;"Morbi non lectus."
110;77;"Quisque arcu libero, rutrum ac, lobortis vel, dapibus at, diam."
103;78;"Duis consequat dui nec nisi volutpat eleifend."
5;79;"Integer ac leo."
25;80;"Fusce lacus purus, aliquet at, feugiat non, pretium quis, lectus."
425;81;"Lorem ipsum dolor sit amet, consectetuer adipiscing elit."
430;83;"Fusce congue, diam id ornare imperdiet, sapien urna pretium nisl, ut volutpat sapien arcu sed augue."
382;84;"Nulla ut erat id mauris vulputate elementum."
120;86;"In tempor, turpis nec euismod scelerisque, quam turpis adipiscing lorem, vitae mattis nibh ligula nec sem."
40;88;"Integer ac neque."
162;90;"In eleifend quam a odio."
251;92;"Integer ac neque."
236;94;"Vivamus tortor."
74;102;"Quisque porta volutpat erat."
372;105;"Curabitur at ipsum ac tellus semper interdum."
182;107;"Aenean fermentum."
46;108;"Phasellus in felis."
47;111;"Praesent blandit lacinia erat."
59;113;"Vestibulum ante ipsum primis in faucibus orci luctus et ultrices posuere cubilia Curae; Duis faucibus accumsan odio."
58;115;"Nulla nisl."
295;116;"Nullam varius."
43;117;"Integer non velit."
224;118;"In quis justo."
254;119;"Aenean fermentum."
168;120;"Fusce posuere felis sed lacus."
423;123;"Quisque porta volutpat erat."
456;127;"Fusce lacus purus, aliquet at, feugiat non, pretium quis, lectus."
263;130;"Etiam pretium iaculis justo."
66;131;"Nunc purus."
308;134;"Pellentesque ultrices mattis odio."
249;135;"Morbi vestibulum, velit id pretium iaculis, diam erat fermentum justo, nec condimentum neque sapien placerat ante."
291;136;"Aenean fermentum."
71;139;"In congue."
468;145;"Integer non velit."
158;149;"Proin at turpis a pede posuere nonummy."
84;153;"Integer pede justo, lacinia eget, tincidunt eget, tempus vel, pede."
50;155;"Mauris lacinia sapien quis libero."
144;156;"Nulla mollis molestie lorem."
177;157;"Etiam pretium iaculis justo."
269;158;"Ut at dolor quis odio consequat varius."
309;160;"Morbi quis tortor id nulla ultrices aliquet."
221;162;"Nulla nisl."
475;163;"Nulla justo."
164;166;"Etiam vel augue."
439;167;"Duis aliquam convallis nunc."
82;192;"Quisque arcu libero, rutrum ac, lobortis vel, dapibus at, diam."
407;172;"Curabitur in libero ut massa volutpat convallis."
317;173;"Integer tincidunt ante vel ipsum."
228;175;"Curabitur in libero ut massa volutpat convallis."
47;176;"Duis ac nibh."
106;398;"Etiam vel augue."
128;179;"Cum sociis natoque penatibus et magnis dis parturient montes, nascetur ridiculus mus."
449;181;"Suspendisse accumsan tortor quis turpis."
489;183;"Aenean sit amet justo."
118;184;"Nulla ac enim."
307;185;"Cras in purus eu magna vulputate luctus."
173;186;"Vivamus vestibulum sagittis sapien."
496;188;"Fusce consequat."
125;190;"Cum sociis natoque penatibus et magnis dis parturient montes, nascetur ridiculus mus."
181;191;"Ut at dolor quis odio consequat varius."
75;196;"Etiam justo."
367;197;"Cras non velit nec nisi vulputate nonummy."
488;198;"Vivamus tortor."
246;200;"Proin interdum mauris non ligula pellentesque ultrices."
161;201;"In hac habitasse platea dictumst."
111;202;"Etiam justo."
411;204;"Curabitur at ipsum ac tellus semper interdum."
156;205;"Praesent blandit."
75;206;"Etiam pretium iaculis justo."
241;209;"Curabitur convallis."
169;211;"Mauris ullamcorper purus sit amet nulla."
478;213;"Nulla suscipit ligula in lacus."
168;214;"Integer non velit."
460;216;"Mauris ullamcorper purus sit amet nulla."
176;219;"Nulla nisl."
478;220;"In hac habitasse platea dictumst."
8;221;"Mauris ullamcorper purus sit amet nulla."
353;222;"Aliquam sit amet diam in magna bibendum imperdiet."
350;226;"Nullam sit amet turpis elementum ligula vehicula consequat."
134;231;"Quisque porta volutpat erat."
412;232;"Sed vel enim sit amet nunc viverra dapibus."
92;234;"In blandit ultrices enim."
423;236;"Donec posuere metus vitae ipsum."
141;239;"Suspendisse accumsan tortor quis turpis."
430;243;"Vivamus in felis eu sapien cursus vestibulum."
334;245;"Vestibulum rutrum rutrum neque."
110;246;"Sed vel enim sit amet nunc viverra dapibus."
195;248;"Vestibulum ante ipsum primis in faucibus orci luctus et ultrices posuere cubilia Curae; Nulla dapibus dolor vel est."
355;250;"Vestibulum sed magna at nunc commodo placerat."
445;254;"Vestibulum ac est lacinia nisi venenatis tristique."
6;256;"In tempor, turpis nec euismod scelerisque, quam turpis adipiscing lorem, vitae mattis nibh ligula nec sem."
263;259;"Curabitur in libero ut massa volutpat convallis."
304;263;"Proin eu mi."
330;265;"Curabitur convallis."
111;267;"Nulla ut erat id mauris vulputate elementum."
246;269;"Vivamus vel nulla eget eros elementum pellentesque."
361;272;"Phasellus in felis."
171;274;"Donec diam neque, vestibulum eget, vulputate ut, ultrices vel, augue."
500;275;"In hac habitasse platea dictumst."
481;276;"Aenean fermentum."
284;278;"Duis bibendum, felis sed interdum venenatis, turpis enim blandit mi, in porttitor pede justo eu massa."
160;279;"Donec semper sapien a libero."
140;280;"Nunc nisl."
165;285;"Nam dui."
386;287;"Vestibulum ac est lacinia nisi venenatis tristique."
419;288;"Nullam porttitor lacus at turpis."
179;289;"Suspendisse ornare consequat lectus."
165;290;"Sed vel enim sit amet nunc viverra dapibus."
415;293;"Cum sociis natoque penatibus et magnis dis parturient montes, nascetur ridiculus mus."
367;294;"Praesent id massa id nisl venenatis lacinia."
397;298;"Aenean lectus."
478;300;"Phasellus in felis."
317;301;"Aliquam non mauris."
458;304;"Nunc nisl."
372;305;"Donec quis orci eget orci vehicula condimentum."
433;308;"Integer a nibh."
271;312;"Maecenas tincidunt lacus at velit."
167;314;"Vivamus vel nulla eget eros elementum pellentesque."
313;320;"Morbi quis tortor id nulla ultrices aliquet."
484;321;"Sed accumsan felis."
267;324;"Vivamus in felis eu sapien cursus vestibulum."
175;325;"Lorem ipsum dolor sit amet, consectetuer adipiscing elit."
294;327;"Morbi vel lectus in quam fringilla rhoncus."
416;329;"Nulla justo."
313;330;"Sed accumsan felis."
457;333;"Vestibulum ante ipsum primis in faucibus orci luctus et ultrices posuere cubilia Curae; Donec pharetra, magna vestibulum aliquet ultrices, erat tortor sollicitudin mi, sit amet lobortis sapien sapien non mi."
221;334;"Nulla suscipit ligula in lacus."
55;335;"Curabitur gravida nisi at nibh."
186;918;"In hac habitasse platea dictumst."
159;339;"Morbi quis tortor id nulla ultrices aliquet."
341;344;"Duis mattis egestas metus."
163;346;"Proin eu mi."
119;349;"Nam tristique tortor eu pede."
52;352;"Suspendisse ornare consequat lectus."
273;355;"Proin risus."
258;357;"Donec semper sapien a libero."
127;919;"In congue."
123;362;"Aliquam sit amet diam in magna bibendum imperdiet."
250;363;"Proin interdum mauris non ligula pellentesque ultrices."
291;364;"Fusce posuere felis sed lacus."
397;365;"Maecenas rhoncus aliquam lacus."
5;367;"Donec diam neque, vestibulum eget, vulputate ut, ultrices vel, augue."
495;368;"Cum sociis natoque penatibus et magnis dis parturient montes, nascetur ridiculus mus."
322;371;"Duis at velit eu est congue elementum."
58;372;"Morbi non quam nec dui luctus rutrum."
486;382;"Nulla ac enim."
138;384;"Sed ante."
274;386;"Donec vitae nisi."
290;388;"Pellentesque eget nunc."
400;389;"Duis consequat dui nec nisi volutpat eleifend."
42;390;"Donec posuere metus vitae ipsum."
231;391;"Aenean fermentum."
162;392;"Morbi non lectus."
70;394;"Morbi a ipsum."
467;395;"Vestibulum quam sapien, varius ut, blandit non, interdum in, ante."
240;402;"Fusce consequat."
213;404;"Quisque arcu libero, rutrum ac, lobortis vel, dapibus at, diam."
479;406;"Donec posuere metus vitae ipsum."
100;407;"Duis at velit eu est congue elementum."
219;409;"Donec dapibus."
352;413;"Duis consequat dui nec nisi volutpat eleifend."
459;415;"Cum sociis natoque penatibus et magnis dis parturient montes, nascetur ridiculus mus."
480;416;"Donec dapibus."
226;418;"Mauris lacinia sapien quis libero."
175;419;"Aenean sit amet justo."
357;421;"Nulla tellus."
334;424;"Etiam justo."
350;429;"Vivamus vestibulum sagittis sapien."
63;431;"Maecenas pulvinar lobortis est."
52;434;"Duis ac nibh."
267;436;"Nullam sit amet turpis elementum ligula vehicula consequat."
483;441;"Nullam sit amet turpis elementum ligula vehicula consequat."
410;444;"Phasellus in felis."
240;445;"Maecenas tristique, est et tempus semper, est quam pharetra magna, ac consequat metus sapien ut nunc."
79;447;"Donec quis orci eget orci vehicula condimentum."
151;451;"In hac habitasse platea dictumst."
308;475;"Integer a nibh."
60;453;"Aenean lectus."
231;454;"Aliquam augue quam, sollicitudin vitae, consectetuer eget, rutrum at, lorem."
410;455;"Donec ut mauris eget massa tempor convallis."
48;456;"Morbi vel lectus in quam fringilla rhoncus."
128;457;"Mauris lacinia sapien quis libero."
84;458;"Aliquam non mauris."
490;462;"In blandit ultrices enim."
364;463;"Nulla tellus."
152;464;"Cras in purus eu magna vulputate luctus."
473;466;"Mauris enim leo, rhoncus sed, vestibulum sit amet, cursus id, turpis."
348;473;"Aenean fermentum."
112;479;"Morbi vel lectus in quam fringilla rhoncus."
74;481;"Donec ut mauris eget massa tempor convallis."
13;482;"Vestibulum ante ipsum primis in faucibus orci luctus et ultrices posuere cubilia Curae; Nulla dapibus dolor vel est."
348;484;"Ut at dolor quis odio consequat varius."
386;485;"Praesent id massa id nisl venenatis lacinia."
276;488;"Pellentesque at nulla."
246;490;"Maecenas tincidunt lacus at velit."
8;491;"Integer a nibh."
232;494;"Aenean lectus."
228;497;"Suspendisse accumsan tortor quis turpis."
494;499;"Aenean lectus."
73;502;"Donec ut mauris eget massa tempor convallis."
330;503;"Vestibulum sed magna at nunc commodo placerat."
101;504;"Nunc nisl."
238;506;"Integer ac leo."
420;507;"Nullam porttitor lacus at turpis."
65;511;"Proin risus."
170;518;"In hac habitasse platea dictumst."
193;519;"Vestibulum ante ipsum primis in faucibus orci luctus et ultrices posuere cubilia Curae; Mauris viverra diam vitae quam."
31;546;"Nullam varius."
264;523;"Duis bibendum, felis sed interdum venenatis, turpis enim blandit mi, in porttitor pede justo eu massa."
293;525;"Quisque id justo sit amet sapien dignissim vestibulum."
452;526;"Vestibulum ante ipsum primis in faucibus orci luctus et ultrices posuere cubilia Curae; Mauris viverra diam vitae quam."
136;529;"Mauris ullamcorper purus sit amet nulla."
270;530;"Sed accumsan felis."
494;533;"Nulla mollis molestie lorem."
47;534;"Nam dui."
197;535;"Aliquam sit amet diam in magna bibendum imperdiet."
24;538;"Phasellus sit amet erat."
9;540;"Donec posuere metus vitae ipsum."
232;541;"Lorem ipsum dolor sit amet, consectetuer adipiscing elit."
17;542;"Sed vel enim sit amet nunc viverra dapibus."
140;543;"Quisque ut erat."
231;545;"Nam congue, risus semper porta volutpat, quam pede lobortis ligula, sit amet eleifend pede libero quis orci."
488;549;"Nulla suscipit ligula in lacus."
27;550;"Nulla ut erat id mauris vulputate elementum."
291;553;"Sed sagittis."
84;554;"Cum sociis natoque penatibus et magnis dis parturient montes, nascetur ridiculus mus."
213;555;"Nunc purus."
121;556;"Integer aliquet, massa id lobortis convallis, tortor risus dapibus augue, vel accumsan tellus nisi eu orci."
393;557;"Integer pede justo, lacinia eget, tincidunt eget, tempus vel, pede."
198;558;"In congue."
429;560;"Cras in purus eu magna vulputate luctus."
327;562;"Donec odio justo, sollicitudin ut, suscipit a, feugiat et, eros."
118;564;"Fusce consequat."
422;566;"In tempor, turpis nec euismod scelerisque, quam turpis adipiscing lorem, vitae mattis nibh ligula nec sem."
61;570;"Sed sagittis."
262;571;"In hac habitasse platea dictumst."
283;594;"Etiam faucibus cursus urna."
446;572;"Duis at velit eu est congue elementum."
246;574;"Morbi quis tortor id nulla ultrices aliquet."
138;576;"Aenean fermentum."
346;577;"Maecenas ut massa quis augue luctus tincidunt."
201;579;"Morbi odio odio, elementum eu, interdum eu, tincidunt in, leo."
367;580;"Cras mi pede, malesuada in, imperdiet et, commodo vulputate, justo."
184;581;"Integer pede justo, lacinia eget, tincidunt eget, tempus vel, pede."
133;582;"Etiam justo."
157;584;"Proin eu mi."
82;587;"Aliquam sit amet diam in magna bibendum imperdiet."
329;588;"Etiam pretium iaculis justo."
341;590;"Morbi porttitor lorem id ligula."
47;599;"In hac habitasse platea dictumst."
285;600;"Nulla justo."
354;601;"Nulla ac enim."
428;602;"Vestibulum ac est lacinia nisi venenatis tristique."
491;603;"Aenean lectus."
166;604;"Nulla mollis molestie lorem."
232;605;"Nam congue, risus semper porta volutpat, quam pede lobortis ligula, sit amet eleifend pede libero quis orci."
273;607;"Donec ut mauris eget massa tempor convallis."
455;608;"Aliquam erat volutpat."
20;609;"Pellentesque at nulla."
209;612;"Vivamus metus arcu, adipiscing molestie, hendrerit at, vulputate vitae, nisl."
9;613;"Aenean fermentum."
63;614;"Praesent blandit."
99;616;"Nulla neque libero, convallis eget, eleifend luctus, ultricies eu, nibh."
70;621;"Maecenas tristique, est et tempus semper, est quam pharetra magna, ac consequat metus sapien ut nunc."
46;624;"Etiam vel augue."
412;627;"Nulla justo."
402;631;"Aliquam erat volutpat."
341;632;"Nullam orci pede, venenatis non, sodales sed, tincidunt eu, felis."
102;634;"Phasellus in felis."
372;637;"Vestibulum ac est lacinia nisi venenatis tristique."
26;638;"Etiam faucibus cursus urna."
24;639;"Nulla suscipit ligula in lacus."
156;641;"Duis ac nibh."
36;642;"Nam nulla."
327;645;"Ut tellus."
120;650;"Praesent lectus."
157;653;"Duis at velit eu est congue elementum."
203;654;"Etiam vel augue."
239;655;"In tempor, turpis nec euismod scelerisque, quam turpis adipiscing lorem, vitae mattis nibh ligula nec sem."
168;657;"Ut tellus."
395;659;"Sed sagittis."
335;660;"Mauris ullamcorper purus sit amet nulla."
432;662;"Suspendisse potenti."
20;663;"Integer ac leo."
51;665;"Vestibulum ante ipsum primis in faucibus orci luctus et ultrices posuere cubilia Curae; Nulla dapibus dolor vel est."
84;666;"Fusce lacus purus, aliquet at, feugiat non, pretium quis, lectus."
127;668;"Phasellus sit amet erat."
108;669;"Vestibulum ante ipsum primis in faucibus orci luctus et ultrices posuere cubilia Curae; Mauris viverra diam vitae quam."
131;672;"Cras pellentesque volutpat dui."
351;676;"In quis justo."
253;678;"Morbi vestibulum, velit id pretium iaculis, diam erat fermentum justo, nec condimentum neque sapien placerat ante."
180;679;"Vivamus vel nulla eget eros elementum pellentesque."
112;682;"Suspendisse accumsan tortor quis turpis."
80;685;"Donec diam neque, vestibulum eget, vulputate ut, ultrices vel, augue."
14;686;"Maecenas tristique, est et tempus semper, est quam pharetra magna, ac consequat metus sapien ut nunc."
63;687;"Fusce consequat."
126;690;"Quisque id justo sit amet sapien dignissim vestibulum."
464;692;"Vivamus in felis eu sapien cursus vestibulum."
424;694;"Maecenas rhoncus aliquam lacus."
287;698;"Integer ac leo."
229;701;"Maecenas rhoncus aliquam lacus."
199;702;"Curabitur in libero ut massa volutpat convallis."
234;703;"Sed vel enim sit amet nunc viverra dapibus."
293;706;"In est risus, auctor sed, tristique in, tempus sit amet, sem."
487;707;"Praesent id massa id nisl venenatis lacinia."
320;710;"Suspendisse potenti."
173;715;"Lorem ipsum dolor sit amet, consectetuer adipiscing elit."
109;716;"Integer tincidunt ante vel ipsum."
303;722;"Morbi sem mauris, laoreet ut, rhoncus aliquet, pulvinar sed, nisl."
204;723;"In hac habitasse platea dictumst."
466;727;"Donec vitae nisi."
404;728;"Etiam faucibus cursus urna."
232;730;"Nulla nisl."
309;732;"Maecenas tincidunt lacus at velit."
178;734;"Proin eu mi."
463;736;"In quis justo."
46;737;"Quisque ut erat."
41;738;"In hac habitasse platea dictumst."
324;739;"Aenean fermentum."
242;741;"Nunc nisl."
339;744;"Nulla tellus."
299;745;"Nullam molestie nibh in lectus."
319;750;"Mauris enim leo, rhoncus sed, vestibulum sit amet, cursus id, turpis."
18;751;"Vestibulum rutrum rutrum neque."
219;752;"Proin leo odio, porttitor id, consequat in, consequat ut, nulla."
35;753;"Morbi porttitor lorem id ligula."
367;755;"In hac habitasse platea dictumst."
304;756;"Quisque arcu libero, rutrum ac, lobortis vel, dapibus at, diam."
113;757;"Cum sociis natoque penatibus et magnis dis parturient montes, nascetur ridiculus mus."
486;759;"In tempor, turpis nec euismod scelerisque, quam turpis adipiscing lorem, vitae mattis nibh ligula nec sem."
183;761;"Quisque id justo sit amet sapien dignissim vestibulum."
467;762;"In tempor, turpis nec euismod scelerisque, quam turpis adipiscing lorem, vitae mattis nibh ligula nec sem."
7;764;"Morbi non lectus."
354;765;"Vivamus metus arcu, adipiscing molestie, hendrerit at, vulputate vitae, nisl."
359;767;"In blandit ultrices enim."
457;768;"Morbi non quam nec dui luctus rutrum."
259;770;"In blandit ultrices enim."
361;771;"Sed vel enim sit amet nunc viverra dapibus."
44;774;"Proin leo odio, porttitor id, consequat in, consequat ut, nulla."
67;775;"Vestibulum ante ipsum primis in faucibus orci luctus et ultrices posuere cubilia Curae; Duis faucibus accumsan odio."
397;776;"Maecenas rhoncus aliquam lacus."
379;778;"Quisque arcu libero, rutrum ac, lobortis vel, dapibus at, diam."
85;780;"Nulla facilisi."
492;781;"Donec odio justo, sollicitudin ut, suscipit a, feugiat et, eros."
260;784;"Nullam varius."
169;785;"Aliquam sit amet diam in magna bibendum imperdiet."
270;787;"Vestibulum ac est lacinia nisi venenatis tristique."
361;789;"Donec posuere metus vitae ipsum."
146;791;"Morbi porttitor lorem id ligula."
470;793;"Morbi porttitor lorem id ligula."
309;794;"Nullam orci pede, venenatis non, sodales sed, tincidunt eu, felis."
120;796;"Aliquam augue quam, sollicitudin vitae, consectetuer eget, rutrum at, lorem."
246;797;"Nulla ac enim."
381;798;"Cras pellentesque volutpat dui."
119;800;"Aliquam erat volutpat."
82;801;"Suspendisse potenti."
155;803;"Donec semper sapien a libero."
362;805;"Curabitur convallis."
478;806;"Integer ac neque."
96;807;"Fusce posuere felis sed lacus."
42;808;"In hac habitasse platea dictumst."
325;812;"Vestibulum ante ipsum primis in faucibus orci luctus et ultrices posuere cubilia Curae; Duis faucibus accumsan odio."
100;816;"Nam ultrices, libero non mattis pulvinar, nulla pede ullamcorper augue, a suscipit nulla elit ac nulla."
313;817;"In congue."
330;821;"Vivamus metus arcu, adipiscing molestie, hendrerit at, vulputate vitae, nisl."
147;824;"Nunc rhoncus dui vel sem."
322;830;"Suspendisse potenti."
300;832;"Vestibulum ante ipsum primis in faucibus orci luctus et ultrices posuere cubilia Curae; Mauris viverra diam vitae quam."
419;833;"Morbi vestibulum, velit id pretium iaculis, diam erat fermentum justo, nec condimentum neque sapien placerat ante."
491;834;"Phasellus in felis."
315;836;"Praesent id massa id nisl venenatis lacinia."
198;842;"Nunc rhoncus dui vel sem."
468;845;"Cras in purus eu magna vulputate luctus."
333;846;"Donec vitae nisi."
304;847;"Lorem ipsum dolor sit amet, consectetuer adipiscing elit."
153;850;"Aenean auctor gravida sem."
316;851;"Etiam vel augue."
456;852;"Nulla nisl."
280;853;"Nulla suscipit ligula in lacus."
224;856;"Morbi vestibulum, velit id pretium iaculis, diam erat fermentum justo, nec condimentum neque sapien placerat ante."
18;858;"Nulla ut erat id mauris vulputate elementum."
262;860;"Morbi non lectus."
35;864;"Vivamus metus arcu, adipiscing molestie, hendrerit at, vulputate vitae, nisl."
103;865;"Duis ac nibh."
426;866;"Nulla ac enim."
332;869;"Nulla suscipit ligula in lacus."
41;871;"Proin eu mi."
128;876;"Morbi porttitor lorem id ligula."
332;878;"Nunc purus."
91;880;"Morbi sem mauris, laoreet ut, rhoncus aliquet, pulvinar sed, nisl."
422;882;"Integer ac leo."
34;884;"Nullam porttitor lacus at turpis."
78;886;"Duis bibendum, felis sed interdum venenatis, turpis enim blandit mi, in porttitor pede justo eu massa."
202;888;"Integer ac neque."
342;891;"In congue."
189;896;"Suspendisse potenti."
111;898;"Vivamus vestibulum sagittis sapien."
114;899;"Mauris lacinia sapien quis libero."
411;900;"Nam congue, risus semper porta volutpat, quam pede lobortis ligula, sit amet eleifend pede libero quis orci."
16;905;"In congue."
160;906;"Duis ac nibh."
66;907;"Maecenas tristique, est et tempus semper, est quam pharetra magna, ac consequat metus sapien ut nunc."
464;908;"Integer non velit."
237;910;"Morbi vestibulum, velit id pretium iaculis, diam erat fermentum justo, nec condimentum neque sapien placerat ante."
262;914;"In congue."
104;915;"Sed ante."
41;916;"In quis justo."
344;922;"Vestibulum ac est lacinia nisi venenatis tristique."
59;923;"Morbi vestibulum, velit id pretium iaculis, diam erat fermentum justo, nec condimentum neque sapien placerat ante."
426;924;"Duis at velit eu est congue elementum."
310;925;"In hac habitasse platea dictumst."
430;927;"Donec quis orci eget orci vehicula condimentum."
90;931;"Proin risus."
15;933;"In eleifend quam a odio."
477;936;"Phasellus id sapien in sapien iaculis congue."
185;937;"Nullam sit amet turpis elementum ligula vehicula consequat."
20;939;"Praesent lectus."
338;942;"Nulla justo."
439;966;"Ut at dolor quis odio consequat varius."
195;949;"Etiam pretium iaculis justo."
300;952;"Nam congue, risus semper porta volutpat, quam pede lobortis ligula, sit amet eleifend pede libero quis orci."
39;955;"Maecenas leo odio, condimentum id, luctus nec, molestie sed, justo."
130;957;"Vestibulum sed magna at nunc commodo placerat."
449;961;"Nulla ac enim."
473;964;"Praesent blandit lacinia erat."
472;965;"Cum sociis natoque penatibus et magnis dis parturient montes, nascetur ridiculus mus."
419;968;"Morbi vel lectus in quam fringilla rhoncus."
120;970;"Nullam sit amet turpis elementum ligula vehicula consequat."
381;971;"In est risus, auctor sed, tristique in, tempus sit amet, sem."
468;972;"Nulla mollis molestie lorem."
300;978;"Ut at dolor quis odio consequat varius."
154;979;"Sed accumsan felis."
312;980;"In hac habitasse platea dictumst."
352;981;"Vivamus tortor."
49;984;"In eleifend quam a odio."
388;985;"Maecenas tristique, est et tempus semper, est quam pharetra magna, ac consequat metus sapien ut nunc."
471;986;"Vestibulum rutrum rutrum neque."
208;990;"Lorem ipsum dolor sit amet, consectetuer adipiscing elit."
217;992;"Integer ac neque."
409;995;"Nulla tellus."
180;996;"Integer tincidunt ante vel ipsum."
